model,mse,mae
ARIMA,0.0068,0.0566
TSMixer,0.23204194009304047,0.3881760537624359
DWT_ARIMA_TSMixer,0.12100155651569366,0.26993757486343384
